device,AA,BV
100001,649.691811519199,230.98923942777844
100002,650.0651973622138,230.91342006516558
